{
  "03 - Escolher voo" : {
    "transaction" : "03 - Escolher voo",
    "sampleCount" : 25897,
    "errorCount" : 606,
    "errorPct" : 2.3400395,
    "meanResTime" : 959.123257520178,
    "medianResTime" : 296.0,
    "minResTime" : 213.0,
    "maxResTime" : 24894.0,
    "pct1ResTime" : 612.0,
    "pct2ResTime" : 2591.30000000001,
    "pct3ResTime" : 21043.0,
    "throughput" : 42.42155198962107,
    "receivedKBytesPerSec" : 274.5309362038633,
    "sentKBytesPerSec" : 13.837142671687952
  },
  "04 - Confirmar compra" : {
    "transaction" : "04 - Confirmar compra",
    "sampleCount" : 25807,
    "errorCount" : 581,
    "errorPct" : 2.2513273,
    "meanResTime" : 943.5073429689618,
    "medianResTime" : 295.0,
    "minResTime" : 218.0,
    "maxResTime" : 23277.0,
    "pct1ResTime" : 614.0,
    "pct2ResTime" : 2618.850000000002,
    "pct3ResTime" : 21044.0,
    "throughput" : 42.48863161152875,
    "receivedKBytesPerSec" : 237.01258664691812,
    "sentKBytesPerSec" : 19.14672568185635
  },
  "Total" : {
    "transaction" : "Total",
    "sampleCount" : 104192,
    "errorCount" : 2580,
    "errorPct" : 2.4761977,
    "meanResTime" : 1038.6024646805827,
    "medianResTime" : 353.0,
    "minResTime" : 0.0,
    "maxResTime" : 85359.0,
    "pct1ResTime" : 4568.100000000028,
    "pct2ResTime" : 21031.0,
    "pct3ResTime" : 21053.0,
    "throughput" : 170.42324476750653,
    "receivedKBytesPerSec" : 1014.8174796809471,
    "sentKBytesPerSec" : 51.77706830650979
  },
  "02 - Buscar voos" : {
    "transaction" : "02 - Buscar voos",
    "sampleCount" : 25992,
    "errorCount" : 609,
    "errorPct" : 2.3430285,
    "meanResTime" : 977.8068636503484,
    "medianResTime" : 298.0,
    "minResTime" : 144.0,
    "maxResTime" : 24319.0,
    "pct1ResTime" : 620.0,
    "pct2ResTime" : 3107.8000000000175,
    "pct3ResTime" : 21044.0,
    "throughput" : 42.756751065957786,
    "receivedKBytesPerSec" : 303.67807130371324,
    "sentKBytesPerSec" : 12.0304350841169
  },
  "TC - Compra de passagem com sucesso" : {
    "transaction" : "TC - Compra de passagem com sucesso",
    "sampleCount" : 26135,
    "errorCount" : 1474,
    "errorPct" : 5.6399465,
    "meanResTime" : 3906.914138128951,
    "medianResTime" : 1297.0,
    "minResTime" : 0.0,
    "maxResTime" : 85359.0,
    "pct1ResTime" : 8412.800000000003,
    "pct2ResTime" : 23995.200000000084,
    "pct3ResTime" : 63530.93000000001,
    "throughput" : 42.73182854947229,
    "receivedKBytesPerSec" : 1007.3419351669991,
    "sentKBytesPerSec" : 51.48451615012957
  },
  "01 - Acessar home" : {
    "transaction" : "01 - Acessar home",
    "sampleCount" : 26096,
    "errorCount" : 665,
    "errorPct" : 2.5482833,
    "meanResTime" : 1025.7538320049086,
    "medianResTime" : 290.0,
    "minResTime" : 212.0,
    "maxResTime" : 21065.0,
    "pct1ResTime" : 655.9000000000015,
    "pct2ResTime" : 3640.4000000000233,
    "pct3ResTime" : 21043.99,
    "throughput" : 42.93637696348861,
    "receivedKBytesPerSec" : 197.33650247600707,
    "sentKBytesPerSec" : 6.742952588547228
  }
}