{
  "03 - Escolher voo" : {
    "transaction" : "03 - Escolher voo",
    "sampleCount" : 25052,
    "errorCount" : 577,
    "errorPct" : 2.3032093,
    "meanResTime" : 928.4402842088465,
    "medianResTime" : 276.0,
    "minResTime" : 156.0,
    "maxResTime" : 21069.0,
    "pct1ResTime" : 440.0,
    "pct2ResTime" : 998.6000000000058,
    "pct3ResTime" : 21042.0,
    "throughput" : 41.15838882289834,
    "receivedKBytesPerSec" : 266.3937975137101,
    "sentKBytesPerSec" : 13.431299780423972
  },
  "04 - Confirmar compra" : {
    "transaction" : "04 - Confirmar compra",
    "sampleCount" : 24960,
    "errorCount" : 557,
    "errorPct" : 2.2315705,
    "meanResTime" : 905.6226762820517,
    "medianResTime" : 276.0,
    "minResTime" : 143.0,
    "maxResTime" : 21069.0,
    "pct1ResTime" : 437.0,
    "pct2ResTime" : 880.6500000000051,
    "pct3ResTime" : 21042.0,
    "throughput" : 40.99424175434332,
    "receivedKBytesPerSec" : 228.70013328312388,
    "sentKBytesPerSec" : 18.474867622761003
  },
  "Total" : {
    "transaction" : "Total",
    "sampleCount" : 100822,
    "errorCount" : 2465,
    "errorPct" : 2.444903,
    "meanResTime" : 982.9783380611442,
    "medianResTime" : 271.0,
    "minResTime" : 0.0,
    "maxResTime" : 85496.0,
    "pct1ResTime" : 636.0,
    "pct2ResTime" : 21026.95,
    "pct3ResTime" : 21051.0,
    "throughput" : 165.22589875239058,
    "receivedKBytesPerSec" : 983.8544447058539,
    "sentKBytesPerSec" : 50.19821270691749
  },
  "02 - Buscar voos" : {
    "transaction" : "02 - Buscar voos",
    "sampleCount" : 25156,
    "errorCount" : 587,
    "errorPct" : 2.3334394,
    "meanResTime" : 925.8480283033869,
    "medianResTime" : 276.0,
    "minResTime" : 150.0,
    "maxResTime" : 21070.0,
    "pct1ResTime" : 433.0,
    "pct2ResTime" : 986.9500000000007,
    "pct3ResTime" : 21043.0,
    "throughput" : 41.281573281520764,
    "receivedKBytesPerSec" : 293.20709576271463,
    "sentKBytesPerSec" : 11.616551449761724
  },
  "TC - Compra de passagem com sucesso" : {
    "transaction" : "TC - Compra de passagem com sucesso",
    "sampleCount" : 25304,
    "errorCount" : 1464,
    "errorPct" : 5.7856464,
    "meanResTime" : 3723.336784698083,
    "medianResTime" : 1162.0,
    "minResTime" : 0.0,
    "maxResTime" : 85496.0,
    "pct1ResTime" : 4312.800000000003,
    "pct2ResTime" : 23050.95,
    "pct3ResTime" : 60470.67000000006,
    "throughput" : 41.45342551030438,
    "receivedKBytesPerSec" : 976.6225748639257,
    "sentKBytesPerSec" : 49.91738526342519
  },
  "01 - Acessar home" : {
    "transaction" : "01 - Acessar home",
    "sampleCount" : 25254,
    "errorCount" : 633,
    "errorPct" : 2.5065336,
    "meanResTime" : 960.2476439375926,
    "medianResTime" : 268.0,
    "minResTime" : 149.0,
    "maxResTime" : 21066.0,
    "pct1ResTime" : 434.0,
    "pct2ResTime" : 1421.800000000003,
    "pct3ResTime" : 21043.0,
    "throughput" : 41.40692378069775,
    "receivedKBytesPerSec" : 190.33041212680234,
    "sentKBytesPerSec" : 6.5055703986568245
  }
}